{
  "r2": 0.31834029466147395,
  "mae": 2.1657002300670185
}